date_or_display,event_type,event,evidence,qualification
2026-04-06,Document date,March operational memo,LR-003 p.1,Not receipt.
2026-05-04,Document date,April operational memo,LR-004/LR-005 p.1,Not receipt.
2026-06-03,Document date,May operational memo,LR-006/LR-007 p.1,Not receipt.
2026-07-03,Document date,Q2 search-reason audit; RTCC Q2/June/semiannual memos,"LR-015 p.1; LR-017 p.1; LR-018 pp.2,5",Internal routing stamps occur later; neither establishes ARAP receipt.
2026-07-08,Policy date,"Revised General Order 325 replaces July 14, 2025 version",LR-016 p.1,Prior policy not in folders; do not apply new custom-list language retrospectively.
2026-07-09,Submission,Broad ALPR practice/usage request PDFOI-2026-2594,LR-001 p.4,Verified in saved portal export.
2026-07-13 14:53,Portal capture,Completed request and 10-attachment count; first five listed,"LR-001 pp.4,8 and capture footers",Portal availability by capture for visible files; exact release/receipt unverified. PDF metadata offset -05:00 corroborates export time.
2026-07-13 15:53:56,Filename timestamp,First download bundle filename,LR-019,Timezone unspecified; not a received timestamp. One-hour difference from portal footer and filesystem evidence must not be silently normalized.
2026-08-18 13:19,Portal capture,CLR-2026-1355 submitted; no documents at capture,LR-020 pp.2-4,Same request text as later PD confirmation; relationship unresolved.
2026-08-18 13:25,Message display,JustFOIA acknowledges PDFOI-2026-3250,LR-021 p.1; LR-029 p.1,Submission confirmation. Message timezone and full delivery headers unavailable.
2026-08-20 14:20,Message display / possession evidence,ARAP thanks LRPD for reports and asks clarifying questions,LR-022 pp.1-2,Reports reviewed no later than displayed sent time; no exact incoming delivery time.
2026-08-20 15:09:32,Filename timestamp,Second download ZIP filename,LR-028,Later than displayed clarification email; could reflect later download/export or timezone convention. Do not equate with initial receipt.
2026-10-07 10:15,Message display,PDFOI-2026-3952 misuse and disciplinary-record request confirmed,LR-030 pp.1-2,Only confirmation supplied; no substantive response found in these folders.
2026-10-09,Export / inventory,Two additional confirmation prints and current read-only inventory,LR-029/LR-030 footers; source index,Inventory date is not original receipt date.
