id,issue,source_locator,observation,qualification_or_next_step
D01,Duplicate scan totals,LR-026 p.1; LR-027 p.1,"Both separate 2025 reports state 111,481,824 scans.",Equality is confirmed; correctness or copying is not. Seek underlying period totals; no annual sum.
D02,Invalid period end,LR-026 p.1,"Printed June 31, 2025 is not a calendar date; filename says June 30.",Preserve literal label; intended end is unverified.
D03,First-half report uses full-year outcome chart,LR-026 p.3; LR-022 p.1,Outcome chart includes Jan-Dec 2025 under first-half report.,Do not present chart totals as first-half-only outcomes; agency clarification needed.
D04,December 31 coverage,LR-027 p.1; LR-022 p.1,Second-half label ends December 30.,Whether December 31 data are included is unresolved.
D05,Outcome-category mapping,LR-008/LR-023 pp.1-3; LR-026/LR-027 pp.2-3; LR-016 IV.D.7-8,"Reports describe confirmed/uncorrelated/arrest-and-prosecution categories, but charts use success, cleared by arrest, cleared by other means, leads and ongoing investigations.",Mapping and per-list outcome totals are not clear. Dashboard arrest clearance does not independently establish prosecution; no legal noncompliance finding made.
D06,List identities versus broad categories,LR-023 p.2; LR-016 IV.A.4 and IV.D.7,"Dashboard shows official and custom alert categories/topics, rather than clearly naming each individual custom list.",Need list inventory and mapping; custom-list permission does not establish proper use of every list.
D07,Two snapshots of 2026 outcomes,LR-017 p.2 versus LR-008/LR-023 p.3,"RTCC semiannual dashboard shows 90 successes/53 recovered vehicles/$807,772; six-month ALPR report shows 91/54/$856,299; both show 86 cases cleared.",Same broad period but differing snapshots/definitions possible. Difference alone does not establish error or fabrication.
D08,Scope of audit compliance statement,LR-015 p.1; LR-030 pp.1-2,July 3 memo says full compliance concerning documented reasons; paragraph is withheld and October request seeks fuller findings.,"Underlying reason validity, identity, misconduct findings and disposition cannot be independently tested from released page."
D09,Policy revision versus audit period,LR-015 p.1; LR-016 p.1,"Audit dated July 3 precedes policy dated July 8, which replaces July 14, 2025 version.",Prior policy and intervening changes absent. Do not assume new provisions governed Q2.
D10,Request identifier mismatch,LR-020 versus LR-021/LR-029,CLR-2026-1355 portal export and PDFOI-2026-3250 confirmation share substantially the same request text.,Transfer/link plausible but unverified; keep separate identifiers.
D11,Receipt versus download/export,LR-001/LR-019; LR-022/LR-028,Filename timestamps do not align directly with portal capture or prior possession email.,No exact received dates assigned. Obtain original incoming messages or portal activity log.
D12,Local derivatives inside production directories,LR-009-014; LR-024-025; LR-019/LR-028 member indexes,Six screenshots and ARAP graphic are outside ZIP member lists.,Folder placement cannot authenticate agency provenance.
D13,ARAP graphic is analysis,LR-024/LR-025,Graphic restates report metrics and raises a compliance question.,Not an independent scan count or adjudication; author/date unverified. Keep outside primary records.
D14,Minor arithmetic/text issues in RTCC reports,LR-003 pp.1-2; LR-017 p.2; LR-018 p.6,March registered cameras 2830 to 2832 printed +36; June camera table +2 but narrative says fourteen. February RTCC total differs between March memo (604) and semiannual (613).,"Log as reporting discrepancies, not ALPR misuse findings; no silent correction."
D15,Dishman attribution and disciplinary claims,LR-030 pp.1-2; missing primary supporting records,October request identifies reported misuse but neither released audit paragraph nor underlying logs identifies an officer in the reviewed evidence.,"Identity, termination reason, decertification request and outcome require authentic agency/CLEST records. Do not conflate allegations or separate incidents."
D16,Unsupported discovery priority,Acquisition evidence and missing publication history,Records support possession chronology with qualifications.,"No evidence establishing who first obtained, discovered or published the findings. No first-to-break claim."
