category,land_sq_mi,percent_city_land
Sherwood land,20.74440888344445,100
Sherwood water,0.41038094096568445,
Sherwood total boundary,21.154789824410155,
uasfm_union,15.706613871475795,75.71492617468998
surface_airspace_union,13.524185452302644,65.19436407318373
grid_outside_surface,2.1824284191731427,10.5205621015062
surface_outside_grid,0.0,0.0
airport: LRF,13.524524200856298,65.19599703633808
airport: ORK,0.0,0.0
airport: LIT,2.1820896706194977,10.518929138351895
exclusive_airport: LRF,13.524524200856295,65.19599703633807
exclusive_airport: LIT,2.1820896706194994,10.518929138351906
exclusive_airport: Outside UASFM,5.037795011968671,24.2850738253101
ceilings: 0,5.134123638424424,24.749433291983696
ceilings: 400,10.572490233051358,50.965492882706215
surface_by_airport: LRF,12.197066888173213,58.79688814805111
surface_by_airport: ORK,0.0,0.0
surface_by_airport: LIT,1.3271185641294307,6.397475925132618
airport ceiling: LRF / 0 ft AGL,5.134123638424424,24.749433291983696
airport ceiling: LRF / 400 ft AGL,8.390400562431871,40.446563744354386
airport ceiling: LIT / 400 ft AGL,2.1820896706194977,10.518929138351895
